IMG_SIZE,BATCH_SIZE,CONV_BATCH_SIZE,SUBSET_SIZE,PROBING_VECTOR,RUN_NUM
64,2093,2093,4096,base,1
64,2093,2093,4096,base,2
64,2093,2093,4096,base,3
64,2093,2093,4096,base,4
64,2093,2093,4096,base,5
64,2093,2093,4096,base,6
64,2093,2093,4096,base,7
64,2093,2093,4096,base,8
64,2093,2093,4096,base,9
64,2093,2093,4096,base,10
128,450,450,4096,base,1
128,450,450,4096,base,2
128,450,450,4096,base,3
128,450,450,4096,base,4
128,450,450,4096,base,5
128,450,450,4096,base,6
128,450,450,4096,base,7
128,450,450,4096,base,8
128,450,450,4096,base,9
128,450,450,4096,base,10
256,104,104,4096,base,1
256,104,104,4096,base,2
256,104,104,4096,base,3
256,104,104,4096,base,4
256,104,104,4096,base,5
256,104,104,4096,base,6
256,104,104,4096,base,7
256,104,104,4096,base,8
256,104,104,4096,base,9
256,104,104,4096,base,10
512,25,25,4096,base,1
512,25,25,4096,base,2
512,25,25,4096,base,3
512,25,25,4096,base,4
512,25,25,4096,base,5
512,25,25,4096,base,6
512,25,25,4096,base,7
512,25,25,4096,base,8
512,25,25,4096,base,9
512,25,25,4096,base,10
